{
    "temperature": {
        "-36.84_174.76": {
            "very_cold": 13.63,
            "cold": 15.21,
            "hot": 21.56,
            "very_hot": 23.7
        },
        "-33.86_151.2": {
            "very_cold": 16.0,
            "cold": 17.9,
            "hot": 23.93,
            "very_hot": 26.39
        },
        "-26.2_28.04": {
            "very_cold": 18.41,
            "cold": 21.3325,
            "hot": 28.58,
            "very_hot": 31.04
        },
        "-23.55_-46.63": {
            "very_cold": 20.274,
            "cold": 23.07,
            "hot": 27.75,
            "very_hot": 29.63
        },
        "1.35_103.81": {
            "very_cold": 27.927,
            "cold": 28.59,
            "hot": 30.14,
            "very_hot": 30.88
        },
        "4.71_-1.02": {
            "very_cold": 24.69,
            "cold": 25.87,
            "hot": 27.97,
            "very_hot": 28.47
        },
        "19.43_-99.13": {
            "very_cold": 17.84,
            "cold": 19.5,
            "hot": 23.7,
            "very_hot": 26.44
        },
        "25.2_55.27": {
            "very_cold": 23.38,
            "cold": 26.59,
            "hot": 37.41,
            "very_hot": 39.63
        },
        "28.57_77.32": {
            "very_cold": 23.44,
            "cold": 27.73,
            "hot": 38.25,
            "very_hot": 42.92
        },
        "30.04_31.23": {
            "very_cold": 19.02,
            "cold": 22.82,
            "hot": 36.68,
            "very_hot": 38.98
        },
        "34.05_-118.24": {
            "very_cold": 15.187,
            "cold": 18.9125,
            "hot": 28.52,
            "very_hot": 31.71
        },
        "35.68_139.69": {
            "very_cold": 9.047,
            "cold": 13.02,
            "hot": 26.5075,
            "very_hot": 30.53
        },
        "39.9_116.4": {
            "very_cold": 1.74,
            "cold": 7.3025,
            "hot": 29.2875,
            "very_hot": 33.42
        },
        "40.71_-74.0": {
            "very_cold": 3.2670000000000003,
            "cold": 7.63,
            "hot": 22.75,
            "very_hot": 26.0
        },
        "41.9_12.5": {
            "very_cold": 11.34,
            "cold": 14.4225,
            "hot": 27.68,
            "very_hot": 32.42300000000001
        },
        "48.85_2.35": {
            "very_cold": 5.527,
            "cold": 9.87,
            "hot": 21.75,
            "very_hot": 25.52
        },
        "49.28_-123.12": {
            "very_cold": 1.01,
            "cold": 3.03,
            "hot": 16.38,
            "very_hot": 21.19
        },
        "51.5_-0.12": {
            "very_cold": 6.03,
            "cold": 9.48,
            "hot": 19.6675,
            "very_hot": 22.89
        },
        "55.75_37.61": {
            "very_cold": -7.815999999999999,
            "cold": -1.24,
            "hot": 18.53,
            "very_hot": 22.98
        },
        "64.14_-21.94": {
            "very_cold": -0.27,
            "cold": 2.52,
            "hot": 10.58,
            "very_hot": 13.04
        }
    },
    "precipitation": {
        "-36.84_174.76": {
            "light_rain_thresh": 5.26
        },
        "-33.86_151.2": {
            "light_rain_thresh": 4.5
        },
        "-26.2_28.04": {
            "light_rain_thresh": 4.895
        },
        "-23.55_-46.63": {
            "light_rain_thresh": 7.24
        },
        "1.35_103.81": {
            "light_rain_thresh": 9.22
        },
        "4.71_-1.02": {
            "light_rain_thresh": 5.2
        },
        "19.43_-99.13": {
            "light_rain_thresh": 4.91
        },
        "25.2_55.27": {
            "light_rain_thresh": 1.81
        },
        "28.57_77.32": {
            "light_rain_thresh": 6.7325
        },
        "30.04_31.23": {
            "light_rain_thresh": 1.16
        },
        "34.05_-118.24": {
            "light_rain_thresh": 4.56
        },
        "35.68_139.69": {
            "light_rain_thresh": 8.83
        },
        "39.9_116.4": {
            "light_rain_thresh": 5.5725
        },
        "40.71_-74.0": {
            "light_rain_thresh": 7.3
        },
        "41.9_12.5": {
            "light_rain_thresh": 5.029999999999999
        },
        "48.85_2.35": {
            "light_rain_thresh": 3.63
        },
        "49.28_-123.12": {
            "light_rain_thresh": 10.7475
        },
        "51.5_-0.12": {
            "light_rain_thresh": 3.41
        },
        "55.75_37.61": {
            "light_rain_thresh": 3.33
        },
        "64.14_-21.94": {
            "light_rain_thresh": 7.53
        }
    }
}